{
    "results": {
      "hendrycksTest-abstract_algebra": {
        "acc": 0.22,
        "acc_stderr": 0.04163331998932268,
        "acc_norm": 0.22,
        "acc_norm_stderr": 0.04163331998932268
      },
      "hendrycksTest-anatomy": {
        "acc": 0.2814814814814815,
        "acc_stderr": 0.03885004245800254,
        "acc_norm": 0.2814814814814815,
        "acc_norm_stderr": 0.03885004245800254
      },
      "hendrycksTest-astronomy": {
        "acc": 0.19736842105263158,
        "acc_stderr": 0.03238981601699397,
        "acc_norm": 0.19736842105263158,
        "acc_norm_stderr": 0.03238981601699397
      },
      "hendrycksTest-business_ethics": {
        "acc": 0.26,
        "acc_stderr": 0.04408440022768079,
        "acc_norm": 0.26,
        "acc_norm_stderr": 0.04408440022768079
      },
      "hendrycksTest-clinical_knowledge": {
        "acc": 0.21509433962264152,
        "acc_stderr": 0.02528839450289137,
        "acc_norm": 0.21509433962264152,
        "acc_norm_stderr": 0.02528839450289137
      },
      "hendrycksTest-college_biology": {
        "acc": 0.2638888888888889,
        "acc_stderr": 0.03685651095897532,
        "acc_norm": 0.2638888888888889,
        "acc_norm_stderr": 0.03685651095897532
      },
      "hendrycksTest-college_chemistry": {
        "acc": 0.16,
        "acc_stderr": 0.03684529491774707,
        "acc_norm": 0.16,
        "acc_norm_stderr": 0.03684529491774707
      },
      "hendrycksTest-college_computer_science": {
        "acc": 0.26,
        "acc_stderr": 0.0440844002276808,
        "acc_norm": 0.26,
        "acc_norm_stderr": 0.0440844002276808
      },
      "hendrycksTest-college_mathematics": {
        "acc": 0.24,
        "acc_stderr": 0.04292346959909284,
        "acc_norm": 0.24,
        "acc_norm_stderr": 0.04292346959909284
      },
      "hendrycksTest-college_medicine": {
        "acc": 0.24277456647398843,
        "acc_stderr": 0.0326926380614177,
        "acc_norm": 0.24277456647398843,
        "acc_norm_stderr": 0.0326926380614177
      },
      "hendrycksTest-college_physics": {
        "acc": 0.22549019607843138,
        "acc_stderr": 0.041583075330832865,
        "acc_norm": 0.22549019607843138,
        "acc_norm_stderr": 0.041583075330832865
      },
      "hendrycksTest-computer_security": {
        "acc": 0.28,
        "acc_stderr": 0.045126085985421276,
        "acc_norm": 0.28,
        "acc_norm_stderr": 0.045126085985421276
      },
      "hendrycksTest-conceptual_physics": {
        "acc": 0.26382978723404255,
        "acc_stderr": 0.028809989854102973,
        "acc_norm": 0.26382978723404255,
        "acc_norm_stderr": 0.028809989854102973
      },
      "hendrycksTest-econometrics": {
        "acc": 0.22807017543859648,
        "acc_stderr": 0.03947152782669415,
        "acc_norm": 0.22807017543859648,
        "acc_norm_stderr": 0.03947152782669415
      },
      "hendrycksTest-electrical_engineering": {
        "acc": 0.296551724137931,
        "acc_stderr": 0.03806142687309993,
        "acc_norm": 0.296551724137931,
        "acc_norm_stderr": 0.03806142687309993
      },
      "hendrycksTest-elementary_mathematics": {
        "acc": 0.26455026455026454,
        "acc_stderr": 0.02271746789770862,
        "acc_norm": 0.26455026455026454,
        "acc_norm_stderr": 0.02271746789770862
      },
      "hendrycksTest-formal_logic": {
        "acc": 0.2857142857142857,
        "acc_stderr": 0.04040610178208841,
        "acc_norm": 0.2857142857142857,
        "acc_norm_stderr": 0.04040610178208841
      },
      "hendrycksTest-global_facts": {
        "acc": 0.18,
        "acc_stderr": 0.038612291966536934,
        "acc_norm": 0.18,
        "acc_norm_stderr": 0.038612291966536934
      },
      "hendrycksTest-high_school_biology": {
        "acc": 0.2,
        "acc_stderr": 0.02275520495954294,
        "acc_norm": 0.2,
        "acc_norm_stderr": 0.02275520495954294
      },
      "hendrycksTest-high_school_chemistry": {
        "acc": 0.15763546798029557,
        "acc_stderr": 0.025639014131172404,
        "acc_norm": 0.15763546798029557,
        "acc_norm_stderr": 0.025639014131172404
      },
      "hendrycksTest-high_school_computer_science": {
        "acc": 0.25,
        "acc_stderr": 0.04351941398892446,
        "acc_norm": 0.25,
        "acc_norm_stderr": 0.04351941398892446
      },
      "hendrycksTest-high_school_european_history": {
        "acc": 0.26666666666666666,
        "acc_stderr": 0.03453131801885415,
        "acc_norm": 0.26666666666666666,
        "acc_norm_stderr": 0.03453131801885415
      },
      "hendrycksTest-high_school_geography": {
        "acc": 0.1919191919191919,
        "acc_stderr": 0.028057791672989017,
        "acc_norm": 0.1919191919191919,
        "acc_norm_stderr": 0.028057791672989017
      },
      "hendrycksTest-high_school_government_and_politics": {
        "acc": 0.23316062176165803,
        "acc_stderr": 0.030516111371476005,
        "acc_norm": 0.23316062176165803,
        "acc_norm_stderr": 0.030516111371476005
      },
      "hendrycksTest-high_school_macroeconomics": {
        "acc": 0.19487179487179487,
        "acc_stderr": 0.020083167595181393,
        "acc_norm": 0.19487179487179487,
        "acc_norm_stderr": 0.020083167595181393
      },
      "hendrycksTest-high_school_mathematics": {
        "acc": 0.2111111111111111,
        "acc_stderr": 0.024882116857655075,
        "acc_norm": 0.2111111111111111,
        "acc_norm_stderr": 0.024882116857655075
      },
      "hendrycksTest-high_school_microeconomics": {
        "acc": 0.19747899159663865,
        "acc_stderr": 0.02585916412205146,
        "acc_norm": 0.19747899159663865,
        "acc_norm_stderr": 0.02585916412205146
      },
      "hendrycksTest-high_school_physics": {
        "acc": 0.25165562913907286,
        "acc_stderr": 0.03543304234389985,
        "acc_norm": 0.25165562913907286,
        "acc_norm_stderr": 0.03543304234389985
      },
      "hendrycksTest-high_school_psychology": {
        "acc": 0.1908256880733945,
        "acc_stderr": 0.01684767640009111,
        "acc_norm": 0.1908256880733945,
        "acc_norm_stderr": 0.01684767640009111
      },
      "hendrycksTest-high_school_statistics": {
        "acc": 0.2175925925925926,
        "acc_stderr": 0.028139689444859697,
        "acc_norm": 0.2175925925925926,
        "acc_norm_stderr": 0.028139689444859697
      },
      "hendrycksTest-high_school_us_history": {
        "acc": 0.25980392156862747,
        "acc_stderr": 0.030778554678693257,
        "acc_norm": 0.25980392156862747,
        "acc_norm_stderr": 0.030778554678693257
      },
      "hendrycksTest-high_school_world_history": {
        "acc": 0.2616033755274262,
        "acc_stderr": 0.028609516716994934,
        "acc_norm": 0.2616033755274262,
        "acc_norm_stderr": 0.028609516716994934
      },
      "hendrycksTest-human_aging": {
        "acc": 0.3273542600896861,
        "acc_stderr": 0.03149384670994131,
        "acc_norm": 0.3273542600896861,
        "acc_norm_stderr": 0.03149384670994131
      },
      "hendrycksTest-human_sexuality": {
        "acc": 0.2595419847328244,
        "acc_stderr": 0.03844876139785271,
        "acc_norm": 0.2595419847328244,
        "acc_norm_stderr": 0.03844876139785271
      },
      "hendrycksTest-international_law": {
        "acc": 0.2396694214876033,
        "acc_stderr": 0.03896878985070417,
        "acc_norm": 0.2396694214876033,
        "acc_norm_stderr": 0.03896878985070417
      },
      "hendrycksTest-jurisprudence": {
        "acc": 0.25925925925925924,
        "acc_stderr": 0.042365112580946336,
        "acc_norm": 0.25925925925925924,
        "acc_norm_stderr": 0.042365112580946336
      },
      "hendrycksTest-logical_fallacies": {
        "acc": 0.3067484662576687,
        "acc_stderr": 0.036230899157241474,
        "acc_norm": 0.3067484662576687,
        "acc_norm_stderr": 0.036230899157241474
      },
      "hendrycksTest-machine_learning": {
        "acc": 0.3125,