{
    "results": {
      "hendrycksTest-abstract_algebra": {
        "acc": 0.23,
        "acc_stderr": 0.04229525846816503,
        "acc_norm": 0.23,
        "acc_norm_stderr": 0.04229525846816503
      },
      "hendrycksTest-anatomy": {
        "acc": 0.23703703703703705,
        "acc_stderr": 0.03673731683969506,
        "acc_norm": 0.23703703703703705,
        "acc_norm_stderr": 0.03673731683969506
      },
      "hendrycksTest-astronomy": {
        "acc": 0.18421052631578946,
        "acc_stderr": 0.0315469804508223,
        "acc_norm": 0.18421052631578946,
        "acc_norm_stderr": 0.0315469804508223
      },
      "hendrycksTest-business_ethics": {
        "acc": 0.25,
        "acc_stderr": 0.04351941398892446,
        "acc_norm": 0.25,
        "acc_norm_stderr": 0.04351941398892446
      },
      "hendrycksTest-clinical_knowledge": {
        "acc": 0.2679245283018868,
        "acc_stderr": 0.027257260322494845,
        "acc_norm": 0.2679245283018868,
        "acc_norm_stderr": 0.027257260322494845
      },
      "hendrycksTest-college_biology": {
        "acc": 0.2222222222222222,
        "acc_stderr": 0.03476590104304134,
        "acc_norm": 0.2222222222222222,
        "acc_norm_stderr": 0.03476590104304134
      },
      "hendrycksTest-college_chemistry": {
        "acc": 0.21,
        "acc_stderr": 0.040936018074033256,
        "acc_norm": 0.21,
        "acc_norm_stderr": 0.040936018074033256
      },
      "hendrycksTest-college_computer_science": {
        "acc": 0.17,
        "acc_stderr": 0.0377525168068637,
        "acc_norm": 0.17,
        "acc_norm_stderr": 0.0377525168068637
      },
      "hendrycksTest-college_mathematics": {
        "acc": 0.23,
        "acc_stderr": 0.04229525846816506,
        "acc_norm": 0.23,
        "acc_norm_stderr": 0.04229525846816506
      },
      "hendrycksTest-college_medicine": {
        "acc": 0.20809248554913296,
        "acc_stderr": 0.0309528902177499,
        "acc_norm": 0.20809248554913296,
        "acc_norm_stderr": 0.0309528902177499
      },
      "hendrycksTest-college_physics": {
        "acc": 0.19607843137254902,
        "acc_stderr": 0.03950581861179961,
        "acc_norm": 0.19607843137254902,
        "acc_norm_stderr": 0.03950581861179961
      },
      "hendrycksTest-computer_security": {
        "acc": 0.24,
        "acc_stderr": 0.042923469599092816,
        "acc_norm": 0.24,
        "acc_norm_stderr": 0.042923469599092816
      },
      "hendrycksTest-conceptual_physics": {
        "acc": 0.31063829787234043,
        "acc_stderr": 0.03025123757921317,
        "acc_norm": 0.31063829787234043,
        "acc_norm_stderr": 0.03025123757921317
      },
      "hendrycksTest-econometrics": {
        "acc": 0.2807017543859649,
        "acc_stderr": 0.04227054451232199,
        "acc_norm": 0.2807017543859649,
        "acc_norm_stderr": 0.04227054451232199
      },
      "hendrycksTest-electrical_engineering": {
        "acc": 0.2206896551724138,
        "acc_stderr": 0.03455930201924811,
        "acc_norm": 0.2206896551724138,
        "acc_norm_stderr": 0.03455930201924811
      },
      "hendrycksTest-elementary_mathematics": {
        "acc": 0.25396825396825395,
        "acc_stderr": 0.022418042891113942,
        "acc_norm": 0.25396825396825395,
        "acc_norm_stderr": 0.022418042891113942
      },
      "hendrycksTest-formal_logic": {
        "acc": 0.1984126984126984,
        "acc_stderr": 0.03567016675276864,
        "acc_norm": 0.1984126984126984,
        "acc_norm_stderr": 0.03567016675276864
      },
      "hendrycksTest-global_facts": {
        "acc": 0.31,
        "acc_stderr": 0.04648231987117316,
        "acc_norm": 0.31,
        "acc_norm_stderr": 0.04648231987117316
      },
      "hendrycksTest-high_school_biology": {
        "acc": 0.25483870967741934,
        "acc_stderr": 0.024790118459332208,
        "acc_norm": 0.25483870967741934,
        "acc_norm_stderr": 0.024790118459332208
      },
      "hendrycksTest-high_school_chemistry": {
        "acc": 0.270935960591133,
        "acc_stderr": 0.031270907132976984,
        "acc_norm": 0.270935960591133,
        "acc_norm_stderr": 0.031270907132976984
      },
      "hendrycksTest-high_school_computer_science": {
        "acc": 0.23,
        "acc_stderr": 0.04229525846816505,
        "acc_norm": 0.23,
        "acc_norm_stderr": 0.04229525846816505
      },
      "hendrycksTest-high_school_european_history": {
        "acc": 0.24242424242424243,
        "acc_stderr": 0.03346409881055953,
        "acc_norm": 0.24242424242424243,
        "acc_norm_stderr": 0.03346409881055953
      },
      "hendrycksTest-high_school_geography": {
        "acc": 0.21717171717171718,
        "acc_stderr": 0.029376616484945637,
        "acc_norm": 0.21717171717171718,
        "acc_norm_stderr": 0.029376616484945637
      },
      "hendrycksTest-high_school_government_and_politics": {
        "acc": 0.20725388601036268,
        "acc_stderr": 0.02925282329180362,
        "acc_norm": 0.20725388601036268,
        "acc_norm_stderr": 0.02925282329180362
      },
      "hendrycksTest-high_school_macroeconomics": {
        "acc": 0.19487179487179487,
        "acc_stderr": 0.020083167595181393,
        "acc_norm": 0.19487179487179487,
        "acc_norm_stderr": 0.020083167595181393
      },
      "hendrycksTest-high_school_mathematics": {
        "acc": 0.25555555555555554,
        "acc_stderr": 0.02659393910184408,
        "acc_norm": 0.25555555555555554,
        "acc_norm_stderr": 0.02659393910184408
      },
      "hendrycksTest-high_school_microeconomics": {
        "acc": 0.23109243697478993,
        "acc_stderr": 0.027381406927868966,
        "acc_norm": 0.23109243697478993,
        "acc_norm_stderr": 0.027381406927868966
      },
      "hendrycksTest-high_school_physics": {
        "acc": 0.1986754966887417,
        "acc_stderr": 0.03257847384436775,
        "acc_norm": 0.1986754966887417,
        "acc_norm_stderr": 0.03257847384436775
      },
      "hendrycksTest-high_school_psychology": {
        "acc": 0.23669724770642203,
        "acc_stderr": 0.01822407811729908,
        "acc_norm": 0.23669724770642203,
        "acc_norm_stderr": 0.01822407811729908
      },
      "hendrycksTest-high_school_statistics": {
        "acc": 0.16203703703703703,
        "acc_stderr": 0.02513045365226846,
        "acc_norm": 0.16203703703703703,
        "acc_norm_stderr": 0.02513045365226846
      },
      "hendrycksTest-high_school_us_history": {
        "acc": 0.23529411764705882,
        "acc_stderr": 0.029771775228145628,
        "acc_norm": 0.23529411764705882,
        "acc_norm_stderr": 0.029771775228145628
      },
      "hendrycksTest-high_school_world_history": {
        "acc": 0.2616033755274262,
        "acc_stderr": 0.028609516716994934,
        "acc_norm": 0.2616033755274262,
        "acc_norm_stderr": 0.028609516716994934
      },
      "hendrycksTest-human_aging": {
        "acc": 0.37668161434977576,
        "acc_stderr": 0.03252113489929188,
        "acc_norm": 0.37668161434977576,
        "acc_norm_stderr": 0.03252113489929188
      },
      "hendrycksTest-human_sexuality": {
        "acc": 0.22900763358778625,
        "acc_stderr": 0.036853466317118506,
        "acc_norm": 0.22900763358778625,
        "acc_norm_stderr": 0.036853466317118506
      },
      "hendrycksTest-international_law": {
        "acc": 0.2396694214876033,
        "acc_stderr": 0.03896878985070416,
        "acc_norm": 0.2396694214876033,
        "acc_norm_stderr": 0.03896878985070416
      },
      "hendrycksTest-jurisprudence": {
        "acc": 0.2962962962962963,
        "acc_stderr": 0.04414343666854933,
        "acc_norm": 0.2962962962962963,
        "acc_norm_stderr": 0.04414343666854933
      },
      "hendrycksTest-logical_fallacies": {
        "acc": 0.3067484662576687,
        "acc_stderr": 0.036230899157241474,
        "acc_norm": 0.3067484662576687,
        "acc_norm_stderr": 0.036230899157241474
      },