{
  "results": {
    "hendrycksTest-abstract_algebra": {
      "acc": 0.23,
      "acc_stderr": 0.042295258468165065,
      "acc_norm": 0.23,
      "acc_norm_stderr": 0.042295258468165065
    },
    "hendrycksTest-anatomy": {
      "acc": 0.2074074074074074,
      "acc_stderr": 0.03502553170678318,
      "acc_norm": 0.2074074074074074,
      "acc_norm_stderr": 0.03502553170678318
    },
    "hendrycksTest-astronomy": {
      "acc": 0.18421052631578946,
      "acc_stderr": 0.0315469804508223,
      "acc_norm": 0.18421052631578946,
      "acc_norm_stderr": 0.0315469804508223
    },
    "hendrycksTest-business_ethics": {
      "acc": 0.21,
      "acc_stderr": 0.040936018074033256,
      "acc_norm": 0.21,
      "acc_norm_stderr": 0.040936018074033256
    },
    "hendrycksTest-clinical_knowledge": {
      "acc": 0.21509433962264152,
      "acc_stderr": 0.02528839450289137,
      "acc_norm": 0.21509433962264152,
      "acc_norm_stderr": 0.02528839450289137
    },
    "hendrycksTest-college_biology": {
      "acc": 0.25,
      "acc_stderr": 0.03621034121889507,
      "acc_norm": 0.25,
      "acc_norm_stderr": 0.03621034121889507
    },
    "hendrycksTest-college_chemistry": {
      "acc": 0.2,
      "acc_stderr": 0.04020151261036845,
      "acc_norm": 0.2,
      "acc_norm_stderr": 0.04020151261036845
    },
    "hendrycksTest-college_computer_science": {
      "acc": 0.19,
      "acc_stderr": 0.03942772444036623,
      "acc_norm": 0.19,
      "acc_norm_stderr": 0.03942772444036623
    },
    "hendrycksTest-college_mathematics": {
      "acc": 0.21,
      "acc_stderr": 0.040936018074033256,
      "acc_norm": 0.21,
      "acc_norm_stderr": 0.040936018074033256
    },
    "hendrycksTest-college_medicine": {
      "acc": 0.20809248554913296,
      "acc_stderr": 0.030952890217749888,
      "acc_norm": 0.20809248554913296,
      "acc_norm_stderr": 0.030952890217749888
    },
    "hendrycksTest-college_physics": {
      "acc": 0.21568627450980393,
      "acc_stderr": 0.04092563958237654,
      "acc_norm": 0.21568627450980393,
      "acc_norm_stderr": 0.04092563958237654
    },
    "hendrycksTest-computer_security": {
      "acc": 0.31,
      "acc_stderr": 0.04648231987117316,
      "acc_norm": 0.31,
      "acc_norm_stderr": 0.04648231987117316
    },
    "hendrycksTest-conceptual_physics": {
      "acc": 0.2765957446808511,
      "acc_stderr": 0.029241883869628824,
      "acc_norm": 0.2765957446808511,
      "acc_norm_stderr": 0.029241883869628824
    },
    "hendrycksTest-econometrics": {
      "acc": 0.23684210526315788,
      "acc_stderr": 0.039994238792813365,
      "acc_norm": 0.23684210526315788,
      "acc_norm_stderr": 0.039994238792813365
    },
    "hendrycksTest-electrical_engineering": {
      "acc": 0.2206896551724138,
      "acc_stderr": 0.0345593020192481,
      "acc_norm": 0.2206896551724138,
      "acc_norm_stderr": 0.0345593020192481
    },
    "hendrycksTest-elementary_mathematics": {
      "acc": 0.21957671957671956,
      "acc_stderr": 0.021320018599770355,
      "acc_norm": 0.21957671957671956,
      "acc_norm_stderr": 0.021320018599770355
    },
    "hendrycksTest-formal_logic": {
      "acc": 0.21428571428571427,
      "acc_stderr": 0.03670066451047181,
      "acc_norm": 0.21428571428571427,
      "acc_norm_stderr": 0.03670066451047181
    },
    "hendrycksTest-global_facts": {
      "acc": 0.18,
      "acc_stderr": 0.038612291966536934,
      "acc_norm": 0.18,
      "acc_norm_stderr": 0.038612291966536934
    },
    "hendrycksTest-high_school_biology": {
      "acc": 0.19032258064516128,
      "acc_stderr": 0.022331707611823078,
      "acc_norm": 0.19032258064516128,
      "acc_norm_stderr": 0.022331707611823078
    },
    "hendrycksTest-high_school_chemistry": {
      "acc": 0.22167487684729065,
      "acc_stderr": 0.029225575892489614,
      "acc_norm": 0.22167487684729065,
      "acc_norm_stderr": 0.029225575892489614
    },
    "hendrycksTest-high_school_computer_science": {
      "acc": 0.25,
      "acc_stderr": 0.04351941398892446,
      "acc_norm": 0.25,
      "acc_norm_stderr": 0.04351941398892446
    },
    "hendrycksTest-high_school_european_history": {
      "acc": 0.15757575757575756,
      "acc_stderr": 0.02845038880528436,
      "acc_norm": 0.15757575757575756,
      "acc_norm_stderr": 0.02845038880528436
    },
    "hendrycksTest-high_school_geography": {
      "acc": 0.18686868686868688,
      "acc_stderr": 0.027772533334218984,
      "acc_norm": 0.18686868686868688,
      "acc_norm_stderr": 0.027772533334218984
    },
    "hendrycksTest-high_school_government_and_politics": {
      "acc": 0.19689119170984457,
      "acc_stderr": 0.028697873971860664,
      "acc_norm": 0.19689119170984457,
      "acc_norm_stderr": 0.028697873971860664
    },
    "hendrycksTest-high_school_macroeconomics": {
      "acc": 0.22564102564102564,
      "acc_stderr": 0.021193632525148526,
      "acc_norm": 0.22564102564102564,
      "acc_norm_stderr": 0.021193632525148526
    },
    "hendrycksTest-high_school_mathematics": {
      "acc": 0.2111111111111111,
      "acc_stderr": 0.02488211685765509,
      "acc_norm": 0.2111111111111111,
      "acc_norm_stderr": 0.02488211685765509
    },
    "hendrycksTest-high_school_microeconomics": {
      "acc": 0.226890756302521,
      "acc_stderr": 0.02720537153827948,
      "acc_norm": 0.226890756302521,
      "acc_norm_stderr": 0.02720537153827948
    },
    "hendrycksTest-high_school_physics": {
      "acc": 0.18543046357615894,
      "acc_stderr": 0.03173284384294285,
      "acc_norm": 0.18543046357615894,
      "acc_norm_stderr": 0.03173284384294285
    },
    "hendrycksTest-high_school_psychology": {
      "acc": 0.1963302752293578,
      "acc_stderr": 0.017030719339154357,
      "acc_norm": 0.1963302752293578,
      "acc_norm_stderr": 0.017030719339154357
    },
    "hendrycksTest-high_school_statistics": {
      "acc": 0.1527777777777778,
      "acc_stderr": 0.02453632602613422,
      "acc_norm": 0.1527777777777778,
      "acc_norm_stderr": 0.02453632602613422
    },
    "hendrycksTest-high_school_us_history": {
      "acc": 0.22549019607843138,
      "acc_stderr": 0.029331162294251735,
      "acc_norm": 0.22549019607843138,
      "acc_norm_stderr": 0.029331162294251735
    },
    "hendrycksTest-high_school_world_history": {
      "acc": 0.2489451476793249,
      "acc_stderr": 0.028146970599422644,
      "acc_norm": 0.2489451476793249,
      "acc_norm_stderr": 0.028146970599422644
    },
    "hendrycksTest-human_aging": {
      "acc": 0.3004484304932735,
      "acc_stderr": 0.03076935200822914,
      "acc_norm": 0.3004484304932735,
      "acc_norm_stderr": 0.03076935200822914
    },
    "hendrycksTest-human_sexuality": {
      "acc": 0.25190839694656486,
      "acc_stderr": 0.03807387116306086,
      "acc_norm": 0.25190839694656486,
      "acc_norm_stderr": 0.03807387116306086
    },
    "hendrycksTest-international_law": {
      "acc": 0.2396694214876033,
      "acc_stderr": 0.03896878985070417,
      "acc_norm": 0.2396694214876033,
      "acc_norm_stderr": 0.03896878985070417
    },
    "hendrycksTest-jurisprudence": {
      "acc": 0.25925925925925924,
      "acc_stderr": 0.042365112580946336,
      "acc_norm": 0.25925925925925924,
      "acc_norm_stderr": 0.042365112580946336
    },
    "hendrycksTest-logical_fallacies": {
      "acc": 0.22085889570552147,
      "acc_stderr": 0.03259177392742177,
      "acc_norm": 0.22085889570552147,
      "acc_norm_stderr": 0.03259177392742177
    },
    "hendrycksTest-machine_learning": {
      "acc": 0.32142857142857145,
      "acc_stderr": 0.04432804055291519,
      "acc_norm": 0.32142857142857145,
      "acc_norm_stderr": 0.04432804055291519
    },
    "hendrycksTest-management": {
      "acc": 0.21359223300970873,
      "acc_stderr": 0.04058042015646036,
      "acc_norm": 0.21359223300970873,
      "acc_norm_stderr": 0.04058042015646036
    },
    "hendrycksTest-marketing": {
      "acc": 0.2905982905982906,
      "acc_stderr": 0.029745048572674043,