{
    "results": {
      "hendrycksTest-abstract_algebra": {
        "acc": 0.22,
        "acc_stderr": 0.04163331998932268,
        "acc_norm": 0.22,
        "acc_norm_stderr": 0.04163331998932268
      },
      "hendrycksTest-anatomy": {
        "acc": 0.18518518518518517,
        "acc_stderr": 0.03355677216313142,
        "acc_norm": 0.18518518518518517,
        "acc_norm_stderr": 0.03355677216313142
      },
      "hendrycksTest-astronomy": {
        "acc": 0.24342105263157895,
        "acc_stderr": 0.034923496688842384,
        "acc_norm": 0.24342105263157895,
        "acc_norm_stderr": 0.034923496688842384
      },
      "hendrycksTest-business_ethics": {
        "acc": 0.27,
        "acc_stderr": 0.044619604333847394,
        "acc_norm": 0.27,
        "acc_norm_stderr": 0.044619604333847394
      },
      "hendrycksTest-clinical_knowledge": {
        "acc": 0.21509433962264152,
        "acc_stderr": 0.02528839450289137,
        "acc_norm": 0.21509433962264152,
        "acc_norm_stderr": 0.02528839450289137
      },
      "hendrycksTest-college_biology": {
        "acc": 0.2361111111111111,
        "acc_stderr": 0.03551446610810826,
        "acc_norm": 0.2361111111111111,
        "acc_norm_stderr": 0.03551446610810826
      },
      "hendrycksTest-college_chemistry": {
        "acc": 0.18,
        "acc_stderr": 0.038612291966536955,
        "acc_norm": 0.18,
        "acc_norm_stderr": 0.038612291966536955
      },
      "hendrycksTest-college_computer_science": {
        "acc": 0.23,
        "acc_stderr": 0.04229525846816506,
        "acc_norm": 0.23,
        "acc_norm_stderr": 0.04229525846816506
      },
      "hendrycksTest-college_mathematics": {
        "acc": 0.25,
        "acc_stderr": 0.04351941398892446,
        "acc_norm": 0.25,
        "acc_norm_stderr": 0.04351941398892446
      },
      "hendrycksTest-college_medicine": {
        "acc": 0.19653179190751446,
        "acc_stderr": 0.030299574664788147,
        "acc_norm": 0.19653179190751446,
        "acc_norm_stderr": 0.030299574664788147
      },
      "hendrycksTest-college_physics": {
        "acc": 0.19607843137254902,
        "acc_stderr": 0.03950581861179964,
        "acc_norm": 0.19607843137254902,
        "acc_norm_stderr": 0.03950581861179964
      },
      "hendrycksTest-computer_security": {
        "acc": 0.24,
        "acc_stderr": 0.042923469599092816,
        "acc_norm": 0.24,
        "acc_norm_stderr": 0.042923469599092816
      },
      "hendrycksTest-conceptual_physics": {
        "acc": 0.26382978723404255,
        "acc_stderr": 0.028809989854102963,
        "acc_norm": 0.26382978723404255,
        "acc_norm_stderr": 0.028809989854102963
      },
      "hendrycksTest-econometrics": {
        "acc": 0.23684210526315788,
        "acc_stderr": 0.039994238792813365,
        "acc_norm": 0.23684210526315788,
        "acc_norm_stderr": 0.039994238792813365
      },
      "hendrycksTest-electrical_engineering": {
        "acc": 0.23448275862068965,
        "acc_stderr": 0.035306258743465914,
        "acc_norm": 0.23448275862068965,
        "acc_norm_stderr": 0.035306258743465914
      },
      "hendrycksTest-elementary_mathematics": {
        "acc": 0.2037037037037037,
        "acc_stderr": 0.02074274056012264,
        "acc_norm": 0.2037037037037037,
        "acc_norm_stderr": 0.02074274056012264
      },
      "hendrycksTest-formal_logic": {
        "acc": 0.2698412698412698,
        "acc_stderr": 0.03970158273235173,
        "acc_norm": 0.2698412698412698,
        "acc_norm_stderr": 0.03970158273235173
      },
      "hendrycksTest-global_facts": {
        "acc": 0.24,
        "acc_stderr": 0.042923469599092816,
        "acc_norm": 0.24,
        "acc_norm_stderr": 0.042923469599092816
      },
      "hendrycksTest-high_school_biology": {
        "acc": 0.1870967741935484,
        "acc_stderr": 0.022185710092252255,
        "acc_norm": 0.1870967741935484,
        "acc_norm_stderr": 0.022185710092252255
      },
      "hendrycksTest-high_school_chemistry": {
        "acc": 0.1477832512315271,
        "acc_stderr": 0.024969621333521274,
        "acc_norm": 0.1477832512315271,
        "acc_norm_stderr": 0.024969621333521274
      },
      "hendrycksTest-high_school_computer_science": {
        "acc": 0.25,
        "acc_stderr": 0.04351941398892446,
        "acc_norm": 0.25,
        "acc_norm_stderr": 0.04351941398892446
      },
      "hendrycksTest-high_school_european_history": {
        "acc": 0.22424242424242424,
        "acc_stderr": 0.032568666616811015,
        "acc_norm": 0.22424242424242424,
        "acc_norm_stderr": 0.032568666616811015
      },
      "hendrycksTest-high_school_geography": {
        "acc": 0.18181818181818182,
        "acc_stderr": 0.027479603010538794,
        "acc_norm": 0.18181818181818182,
        "acc_norm_stderr": 0.027479603010538794
      },
      "hendrycksTest-high_school_government_and_politics": {
        "acc": 0.19689119170984457,
        "acc_stderr": 0.028697873971860664,
        "acc_norm": 0.19689119170984457,
        "acc_norm_stderr": 0.028697873971860664
      },
      "hendrycksTest-high_school_macroeconomics": {
        "acc": 0.20256410256410257,
        "acc_stderr": 0.020377660970371372,
        "acc_norm": 0.20256410256410257,
        "acc_norm_stderr": 0.020377660970371372
      },
      "hendrycksTest-high_school_mathematics": {
        "acc": 0.2111111111111111,
        "acc_stderr": 0.02488211685765507,
        "acc_norm": 0.2111111111111111,
        "acc_norm_stderr": 0.02488211685765507
      },
      "hendrycksTest-high_school_microeconomics": {
        "acc": 0.226890756302521,
        "acc_stderr": 0.02720537153827946,
        "acc_norm": 0.226890756302521,
        "acc_norm_stderr": 0.02720537153827946
      },
      "hendrycksTest-high_school_physics": {
        "acc": 0.25165562913907286,
        "acc_stderr": 0.03543304234389984,
        "acc_norm": 0.25165562913907286,
        "acc_norm_stderr": 0.03543304234389984
      },
      "hendrycksTest-high_school_psychology": {
        "acc": 0.20733944954128442,
        "acc_stderr": 0.017381415563608664,
        "acc_norm": 0.20733944954128442,
        "acc_norm_stderr": 0.017381415563608664
      },
      "hendrycksTest-high_school_statistics": {
        "acc": 0.1527777777777778,
        "acc_stderr": 0.024536326026134224,
        "acc_norm": 0.1527777777777778,
        "acc_norm_stderr": 0.024536326026134224
      },
      "hendrycksTest-high_school_us_history": {
        "acc": 0.25,
        "acc_stderr": 0.03039153369274154,
        "acc_norm": 0.25,
        "acc_norm_stderr": 0.03039153369274154
      },
      "hendrycksTest-high_school_world_history": {
        "acc": 0.24472573839662448,
        "acc_stderr": 0.027985699387036416,
        "acc_norm": 0.24472573839662448,
        "acc_norm_stderr": 0.027985699387036416
      },
      "hendrycksTest-human_aging": {
        "acc": 0.31390134529147984,
        "acc_stderr": 0.031146796482972465,
        "acc_norm": 0.31390134529147984,
        "acc_norm_stderr": 0.031146796482972465
      },
      "hendrycksTest-human_sexuality": {
        "acc": 0.2366412213740458,
        "acc_stderr": 0.03727673575596918,
        "acc_norm": 0.2366412213740458,
        "acc_norm_stderr": 0.03727673575596918
      },
      "hendrycksTest-international_law": {
        "acc": 0.2396694214876033,
        "acc_stderr": 0.03896878985070417,
        "acc_norm": 0.2396694214876033,
        "acc_norm_stderr": 0.03896878985070417
      },
      "hendrycksTest-jurisprudence": {
        "acc": 0.25925925925925924,
        "acc_stderr": 0.042365112580946336,
        "acc_norm": 0.25925925925925924,
        "acc_norm_stderr": 0.042365112580946336
      },
      "hendrycksTest-logical_fallacies": {
        "acc": 0.2147239263803681,
        "acc_stderr": 0.03226219377286774,
        "acc_norm": 0.2147239263803681,
        "acc_norm_stderr": 0.03226219377286774
      },