{
  "results": {
    "hendrycksTest-abstract_algebra": {
      "acc": 0.22,
      "acc_stderr": 0.04163331998932268,
      "acc_norm": 0.22,
      "acc_norm_stderr": 0.04163331998932268
    },
    "hendrycksTest-anatomy": {
      "acc": 0.18518518518518517,
      "acc_stderr": 0.03355677216313142,
      "acc_norm": 0.18518518518518517,
      "acc_norm_stderr": 0.03355677216313142
    },
    "hendrycksTest-astronomy": {
      "acc": 0.17763157894736842,
      "acc_stderr": 0.031103182383123398,
      "acc_norm": 0.17763157894736842,
      "acc_norm_stderr": 0.031103182383123398
    },
    "hendrycksTest-business_ethics": {
      "acc": 0.3,
      "acc_stderr": 0.046056618647183814,
      "acc_norm": 0.3,
      "acc_norm_stderr": 0.046056618647183814
    },
    "hendrycksTest-clinical_knowledge": {
      "acc": 0.21509433962264152,
      "acc_stderr": 0.02528839450289137,
      "acc_norm": 0.21509433962264152,
      "acc_norm_stderr": 0.02528839450289137
    },
    "hendrycksTest-college_biology": {
      "acc": 0.2569444444444444,
      "acc_stderr": 0.03653946969442099,
      "acc_norm": 0.2569444444444444,
      "acc_norm_stderr": 0.03653946969442099
    },
    "hendrycksTest-college_chemistry": {
      "acc": 0.19,
      "acc_stderr": 0.039427724440366234,
      "acc_norm": 0.19,
      "acc_norm_stderr": 0.039427724440366234
    },
    "hendrycksTest-college_computer_science": {
      "acc": 0.26,
      "acc_stderr": 0.0440844002276808,
      "acc_norm": 0.26,
      "acc_norm_stderr": 0.0440844002276808
    },
    "hendrycksTest-college_mathematics": {
      "acc": 0.21,
      "acc_stderr": 0.040936018074033256,
      "acc_norm": 0.21,
      "acc_norm_stderr": 0.040936018074033256
    },
    "hendrycksTest-college_medicine": {
      "acc": 0.17341040462427745,
      "acc_stderr": 0.028868107874970635,
      "acc_norm": 0.17341040462427745,
      "acc_norm_stderr": 0.028868107874970635
    },
    "hendrycksTest-college_physics": {
      "acc": 0.21568627450980393,
      "acc_stderr": 0.04092563958237654,
      "acc_norm": 0.21568627450980393,
      "acc_norm_stderr": 0.04092563958237654
    },
    "hendrycksTest-computer_security": {
      "acc": 0.24,
      "acc_stderr": 0.04292346959909283,
      "acc_norm": 0.24,
      "acc_norm_stderr": 0.04292346959909283
    },
    "hendrycksTest-conceptual_physics": {
      "acc": 0.26382978723404255,
      "acc_stderr": 0.028809989854102973,
      "acc_norm": 0.26382978723404255,
      "acc_norm_stderr": 0.028809989854102973
    },
    "hendrycksTest-econometrics": {
      "acc": 0.23684210526315788,
      "acc_stderr": 0.039994238792813365,
      "acc_norm": 0.23684210526315788,
      "acc_norm_stderr": 0.039994238792813365
    },
    "hendrycksTest-electrical_engineering": {
      "acc": 0.2413793103448276,
      "acc_stderr": 0.03565998174135302,
      "acc_norm": 0.2413793103448276,
      "acc_norm_stderr": 0.03565998174135302
    },
    "hendrycksTest-elementary_mathematics": {
      "acc": 0.20899470899470898,
      "acc_stderr": 0.02094048156533486,
      "acc_norm": 0.20899470899470898,
      "acc_norm_stderr": 0.02094048156533486
    },
    "hendrycksTest-formal_logic": {
      "acc": 0.2857142857142857,
      "acc_stderr": 0.04040610178208841,
      "acc_norm": 0.2857142857142857,
      "acc_norm_stderr": 0.04040610178208841
    },
    "hendrycksTest-global_facts": {
      "acc": 0.18,
      "acc_stderr": 0.038612291966536934,
      "acc_norm": 0.18,
      "acc_norm_stderr": 0.038612291966536934
    },
    "hendrycksTest-high_school_biology": {
      "acc": 0.1774193548387097,
      "acc_stderr": 0.02173254068932927,
      "acc_norm": 0.1774193548387097,
      "acc_norm_stderr": 0.02173254068932927
    },
    "hendrycksTest-high_school_chemistry": {
      "acc": 0.15270935960591134,
      "acc_stderr": 0.02530890453938063,
      "acc_norm": 0.15270935960591134,
      "acc_norm_stderr": 0.02530890453938063
    },
    "hendrycksTest-high_school_computer_science": {
      "acc": 0.25,
      "acc_stderr": 0.04351941398892446,
      "acc_norm": 0.25,
      "acc_norm_stderr": 0.04351941398892446
    },
    "hendrycksTest-high_school_european_history": {
      "acc": 0.21818181818181817,
      "acc_stderr": 0.03225078108306289,
      "acc_norm": 0.21818181818181817,
      "acc_norm_stderr": 0.03225078108306289
    },
    "hendrycksTest-high_school_geography": {
      "acc": 0.16666666666666666,
      "acc_stderr": 0.026552207828215293,
      "acc_norm": 0.16666666666666666,
      "acc_norm_stderr": 0.026552207828215293
    },
    "hendrycksTest-high_school_government_and_politics": {
      "acc": 0.19689119170984457,
      "acc_stderr": 0.028697873971860664,
      "acc_norm": 0.19689119170984457,
      "acc_norm_stderr": 0.028697873971860664
    },
    "hendrycksTest-high_school_macroeconomics": {
      "acc": 0.20512820512820512,
      "acc_stderr": 0.020473233173551986,
      "acc_norm": 0.20512820512820512,
      "acc_norm_stderr": 0.020473233173551986
    },
    "hendrycksTest-high_school_mathematics": {
      "acc": 0.2111111111111111,
      "acc_stderr": 0.024882116857655075,
      "acc_norm": 0.2111111111111111,
      "acc_norm_stderr": 0.024882116857655075
    },
    "hendrycksTest-high_school_microeconomics": {
      "acc": 0.21008403361344538,
      "acc_stderr": 0.026461398717471874,
      "acc_norm": 0.21008403361344538,
      "acc_norm_stderr": 0.026461398717471874
    },
    "hendrycksTest-high_school_physics": {
      "acc": 0.1986754966887417,
      "acc_stderr": 0.03257847384436776,
      "acc_norm": 0.1986754966887417,
      "acc_norm_stderr": 0.03257847384436776
    },
    "hendrycksTest-high_school_psychology": {
      "acc": 0.1926605504587156,
      "acc_stderr": 0.016909276884936094,
      "acc_norm": 0.1926605504587156,
      "acc_norm_stderr": 0.016909276884936094
    },
    "hendrycksTest-high_school_statistics": {
      "acc": 0.1527777777777778,
      "acc_stderr": 0.024536326026134224,
      "acc_norm": 0.1527777777777778,
      "acc_norm_stderr": 0.024536326026134224
    },
    "hendrycksTest-high_school_us_history": {
      "acc": 0.25,
      "acc_stderr": 0.03039153369274154,
      "acc_norm": 0.25,
      "acc_norm_stderr": 0.03039153369274154
    },
    "hendrycksTest-high_school_world_history": {
      "acc": 0.270042194092827,
      "acc_stderr": 0.028900721906293426,
      "acc_norm": 0.270042194092827,
      "acc_norm_stderr": 0.028900721906293426
    },
    "hendrycksTest-human_aging": {
      "acc": 0.31390134529147984,
      "acc_stderr": 0.031146796482972465,
      "acc_norm": 0.31390134529147984,
      "acc_norm_stderr": 0.031146796482972465
    },
    "hendrycksTest-human_sexuality": {
      "acc": 0.2595419847328244,
      "acc_stderr": 0.03844876139785271,
      "acc_norm": 0.2595419847328244,
      "acc_norm_stderr": 0.03844876139785271
    },
    "hendrycksTest-international_law": {
      "acc": 0.2396694214876033,
      "acc_stderr": 0.03896878985070417,
      "acc_norm": 0.2396694214876033,
      "acc_norm_stderr": 0.03896878985070417
    },
    "hendrycksTest-jurisprudence": {
      "acc": 0.25925925925925924,
      "acc_stderr": 0.042365112580946336,
      "acc_norm": 0.25925925925925924,
      "acc_norm_stderr": 0.042365112580946336
    },
    "hendrycksTest-logical_fallacies": {
      "acc": 0.22085889570552147,
      "acc_stderr": 0.032591773927421776,
      "acc_norm": 0.22085889570552147,
      "acc_norm_stderr": 0.032591773927421776
    },
    "hendrycksTest-machine_learning": {
      "acc": 0.3125,
      "acc_stderr": 0.043994650575715215,
      "acc_norm": 0.3125,
      "acc_norm_stderr": 0.043994650575715215
    },
    "hendrycksTest-management": {
      "acc": 0.17475728155339806,
      "acc_stderr": 0.037601780060266224,
      "acc_norm": 0.17475728155339806,
      "acc_norm_stderr": 0.037601780060266224
    },
    "hendrycksTest-marketing": {
      "acc": 0.29914529914529914,
      "acc_stderr": 0.029996951858349497,