{
    "results": {
      "hendrycksTest-abstract_algebra": {
        "acc": 0.25,
        "acc_stderr": 0.04351941398892446,
        "acc_norm": 0.25,
        "acc_norm_stderr": 0.04351941398892446
      },
      "hendrycksTest-anatomy": {
        "acc": 0.22962962962962963,
        "acc_stderr": 0.03633384414073465,
        "acc_norm": 0.22962962962962963,
        "acc_norm_stderr": 0.03633384414073465
      },
      "hendrycksTest-astronomy": {
        "acc": 0.18421052631578946,
        "acc_stderr": 0.0315469804508223,
        "acc_norm": 0.18421052631578946,
        "acc_norm_stderr": 0.0315469804508223
      },
      "hendrycksTest-business_ethics": {
        "acc": 0.28,
        "acc_stderr": 0.04512608598542128,
        "acc_norm": 0.28,
        "acc_norm_stderr": 0.04512608598542128
      },
      "hendrycksTest-clinical_knowledge": {
        "acc": 0.2188679245283019,
        "acc_stderr": 0.025447863825108604,
        "acc_norm": 0.2188679245283019,
        "acc_norm_stderr": 0.025447863825108604
      },
      "hendrycksTest-college_biology": {
        "acc": 0.22916666666666666,
        "acc_stderr": 0.03514697467862388,
        "acc_norm": 0.22916666666666666,
        "acc_norm_stderr": 0.03514697467862388
      },
      "hendrycksTest-college_chemistry": {
        "acc": 0.17,
        "acc_stderr": 0.03775251680686371,
        "acc_norm": 0.17,
        "acc_norm_stderr": 0.03775251680686371
      },
      "hendrycksTest-college_computer_science": {
        "acc": 0.26,
        "acc_stderr": 0.0440844002276808,
        "acc_norm": 0.26,
        "acc_norm_stderr": 0.0440844002276808
      },
      "hendrycksTest-college_mathematics": {
        "acc": 0.21,
        "acc_stderr": 0.040936018074033256,
        "acc_norm": 0.21,
        "acc_norm_stderr": 0.040936018074033256
      },
      "hendrycksTest-college_medicine": {
        "acc": 0.2543352601156069,
        "acc_stderr": 0.0332055644308557,
        "acc_norm": 0.2543352601156069,
        "acc_norm_stderr": 0.0332055644308557
      },
      "hendrycksTest-college_physics": {
        "acc": 0.20588235294117646,
        "acc_stderr": 0.04023382273617747,
        "acc_norm": 0.20588235294117646,
        "acc_norm_stderr": 0.04023382273617747
      },
      "hendrycksTest-computer_security": {
        "acc": 0.29,
        "acc_stderr": 0.045604802157206845,
        "acc_norm": 0.29,
        "acc_norm_stderr": 0.045604802157206845
      },
      "hendrycksTest-conceptual_physics": {
        "acc": 0.30638297872340425,
        "acc_stderr": 0.03013590647851756,
        "acc_norm": 0.30638297872340425,
        "acc_norm_stderr": 0.03013590647851756
      },
      "hendrycksTest-econometrics": {
        "acc": 0.22807017543859648,
        "acc_stderr": 0.03947152782669415,
        "acc_norm": 0.22807017543859648,
        "acc_norm_stderr": 0.03947152782669415
      },
      "hendrycksTest-electrical_engineering": {
        "acc": 0.2482758620689655,
        "acc_stderr": 0.036001056927277716,
        "acc_norm": 0.2482758620689655,
        "acc_norm_stderr": 0.036001056927277716
      },
      "hendrycksTest-elementary_mathematics": {
        "acc": 0.2566137566137566,
        "acc_stderr": 0.022494510767503154,
        "acc_norm": 0.2566137566137566,
        "acc_norm_stderr": 0.022494510767503154
      },
      "hendrycksTest-formal_logic": {
        "acc": 0.2698412698412698,
        "acc_stderr": 0.03970158273235172,
        "acc_norm": 0.2698412698412698,
        "acc_norm_stderr": 0.03970158273235172
      },
      "hendrycksTest-global_facts": {
        "acc": 0.18,
        "acc_stderr": 0.038612291966536934,
        "acc_norm": 0.18,
        "acc_norm_stderr": 0.038612291966536934
      },
      "hendrycksTest-high_school_biology": {
        "acc": 0.2,
        "acc_stderr": 0.022755204959542932,
        "acc_norm": 0.2,
        "acc_norm_stderr": 0.022755204959542932
      },
      "hendrycksTest-high_school_chemistry": {
        "acc": 0.2955665024630542,
        "acc_stderr": 0.032104944337514575,
        "acc_norm": 0.2955665024630542,
        "acc_norm_stderr": 0.032104944337514575
      },
      "hendrycksTest-high_school_computer_science": {
        "acc": 0.25,
        "acc_stderr": 0.04351941398892446,
        "acc_norm": 0.25,
        "acc_norm_stderr": 0.04351941398892446
      },
      "hendrycksTest-high_school_european_history": {
        "acc": 0.21818181818181817,
        "acc_stderr": 0.03225078108306289,
        "acc_norm": 0.21818181818181817,
        "acc_norm_stderr": 0.03225078108306289
      },
      "hendrycksTest-high_school_geography": {
        "acc": 0.17676767676767677,
        "acc_stderr": 0.027178752639044915,
        "acc_norm": 0.17676767676767677,
        "acc_norm_stderr": 0.027178752639044915
      },
      "hendrycksTest-high_school_government_and_politics": {
        "acc": 0.20207253886010362,
        "acc_stderr": 0.02897908979429673,
        "acc_norm": 0.20207253886010362,
        "acc_norm_stderr": 0.02897908979429673
      },
      "hendrycksTest-high_school_macroeconomics": {
        "acc": 0.24358974358974358,
        "acc_stderr": 0.021763733684173926,
        "acc_norm": 0.24358974358974358,
        "acc_norm_stderr": 0.021763733684173926
      },
      "hendrycksTest-high_school_mathematics": {
        "acc": 0.2074074074074074,
        "acc_stderr": 0.024720713193952183,
        "acc_norm": 0.2074074074074074,
        "acc_norm_stderr": 0.024720713193952183
      },
      "hendrycksTest-high_school_microeconomics": {
        "acc": 0.23529411764705882,
        "acc_stderr": 0.027553614467863814,
        "acc_norm": 0.23529411764705882,
        "acc_norm_stderr": 0.027553614467863814
      },
      "hendrycksTest-high_school_physics": {
        "acc": 0.23178807947019867,
        "acc_stderr": 0.034454062719870546,
        "acc_norm": 0.23178807947019867,
        "acc_norm_stderr": 0.034454062719870546
      },
      "hendrycksTest-high_school_psychology": {
        "acc": 0.2018348623853211,
        "acc_stderr": 0.017208579357787582,
        "acc_norm": 0.2018348623853211,
        "acc_norm_stderr": 0.017208579357787582
      },
      "hendrycksTest-high_school_statistics": {
        "acc": 0.3101851851851852,
        "acc_stderr": 0.03154696285656627,
        "acc_norm": 0.3101851851851852,
        "acc_norm_stderr": 0.03154696285656627
      },
      "hendrycksTest-high_school_us_history": {
        "acc": 0.25,
        "acc_stderr": 0.03039153369274154,
        "acc_norm": 0.25,
        "acc_norm_stderr": 0.03039153369274154
      },
      "hendrycksTest-high_school_world_history": {
        "acc": 0.270042194092827,
        "acc_stderr": 0.028900721906293426,
        "acc_norm": 0.270042194092827,
        "acc_norm_stderr": 0.028900721906293426
      },
      "hendrycksTest-human_aging": {
        "acc": 0.37668161434977576,
        "acc_stderr": 0.032521134899291884,
        "acc_norm": 0.37668161434977576,
        "acc_norm_stderr": 0.032521134899291884
      },
      "hendrycksTest-human_sexuality": {
        "acc": 0.24427480916030533,
        "acc_stderr": 0.03768335959728745,
        "acc_norm": 0.24427480916030533,
        "acc_norm_stderr": 0.03768335959728745
      },
      "hendrycksTest-international_law": {
        "acc": 0.2396694214876033,
        "acc_stderr": 0.03896878985070417,
        "acc_norm": 0.2396694214876033,
        "acc_norm_stderr": 0.03896878985070417
      },
      "hendrycksTest-jurisprudence": {
        "acc": 0.25925925925925924,
        "acc_stderr": 0.042365112580946336,
        "acc_norm": 0.25925925925925924,
        "acc_norm_stderr": 0.042365112580946336
      },
      "hendrycksTest-logical_fallacies": {
        "acc": 0.2331288343558282,
        "acc_stderr": 0.03322015795776741,
        "acc_norm": 0.2331288343558282,
        "acc_norm_stderr": 0.03322015795776741
      },
      "hendrycksTest-machine_learning": {
        "acc": 0.2857142857142857,